[
    {
        "model": "api.train_to_station",
        "pk": "001",
        "fields": {
            "station_id": "BSKMC"
        }
    },
    {
        "model": "api.train_to_station",
        "pk": "002",
        "fields": {
            "station_id": "BSKSK"
        }
    },
    {
        "model": "api.train_to_station",
        "pk": "003",
        "fields": {
            "station_id": "BSKSP"
        }
    },
    {
        "model": "api.train_to_station",
        "pk": "004",
        "fields": {
            "station_id": "BSKAR"
        }
    },
    {
        "model": "api.train_to_station",
        "pk": "005",
        "fields": {
            "station_id": "BSKVM"
        }
    },
    {
        "model": "api.train_to_station",
        "pk": "006",
        "fields": {
            "station_id": "BSKPT"
        }
    },
    {
        "model": "api.train_to_station",
        "pk": "007",
        "fields": {
            "station_id": "BSKRW"
        }
    },
    {
        "model": "api.train_to_station",
        "pk": "008",
        "fields": {
            "station_id": "BSKSM"
        }
    },
    {
        "model": "api.train_to_station",
        "pk": "009",
        "fields": {
            "station_id": "BSKPC"
        }
    },
    {
        "model": "api.train_to_station",
        "pk": "010",
        "fields": {
            "station_id": "BSKNN"
        }
    },
    {
        "model": "api.train_to_station",
        "pk": "011",
        "fields": {
            "station_id": "BSKAS"
        }
    },
    {
        "model": "api.train_to_station",
        "pk": "012",
        "fields": {
            "station_id": "BSKPP"
        }
    },
    {
        "model": "api.train_to_station",
        "pk": "013",
        "fields": {
            "station_id": "BSKTL"
        }
    },
    {
        "model": "api.train_to_station",
        "pk": "014",
        "fields": {
            "station_id": "BSKEK"
        }
    },
    {
        "model": "api.train_to_station",
        "pk": "015",
        "fields": {
            "station_id": "BSKPK"
        }
    },
    {
        "model": "api.train_to_station",
        "pk": "016",
        "fields": {
            "station_id": "BSKON"
        }
    },
    {
        "model": "api.train_to_station",
        "pk": "017",
        "fields": {
            "station_id": "BSKBC"
        }
    },
    {
        "model": "api.train_to_station",
        "pk": "018",
        "fields": {
            "station_id": "BSKPW"
        }
    },
    {
        "model": "api.train_to_station",
        "pk": "019",
        "fields": {
            "station_id": "BSKUS"
        }
    },
    {
        "model": "api.train_to_station",
        "pk": "020",
        "fields": {
            "station_id": "BSKBN"
        }
    },
    {
        "model": "api.train_to_station",
        "pk": "021",
        "fields": {
            "station_id": "BSKBR"
        }
    },
    {
        "model": "api.train_to_station",
        "pk": "022",
        "fields": {
            "station_id": "BSLNS"
        }
    },
    {
        "model": "api.train_to_station",
        "pk": "023",
        "fields": {
            "station_id": "BSLSM"
        }
    },
    {
        "model": "api.train_to_station",
        "pk": "024",
        "fields": {
            "station_id": "BSLRD"
        }
    },
    {
        "model": "api.train_to_station",
        "pk": "025",
        "fields": {
            "station_id": "BSLSD"
        }
    },
    {
        "model": "api.train_to_station",
        "pk": "026",
        "fields": {
            "station_id": "BSLCN"
        }
    },
    {
        "model": "api.train_to_station",
        "pk": "027",
        "fields": {
            "station_id": "BSLSR"
        }
    },
    {
        "model": "api.train_to_station",
        "pk": "028",
        "fields": {
            "station_id": "BSLST"
        }
    },
    {
        "model": "api.train_to_station",
        "pk": "029",
        "fields": {
            "station_id": "BSLKT"
        }
    },
    {
        "model": "api.train_to_station",
        "pk": "030",
        "fields": {
            "station_id": "BSLWY"
        }
    },
    {
        "model": "api.train_to_station",
        "pk": "031",
        "fields": {
            "station_id": "BSLPN"
        }
    },
    {
        "model": "api.train_to_station",
        "pk": "032",
        "fields": {
            "station_id": "BSLTP"
        }
    },
    {
        "model": "api.train_to_station",
        "pk": "033",
        "fields": {
            "station_id": "BSLWK"
        }
    },
    {
        "model": "api.train_to_station",
        "pk": "034",
        "fields": {
            "station_id": "BSLBW"
        }
    },
    {
        "model": "api.train_to_station",
        "pk": "035",
        "fields": {
            "station_id": "MBLHL"
        }
    },
    {
        "model": "api.train_to_station",
        "pk": "036",
        "fields": {
            "station_id": "MBLSY"
        }
    },
    {
        "model": "api.train_to_station",
        "pk": "037",
        "fields": {
            "station_id": "MBLSL"
        }
    },
    {
        "model": "api.train_to_station",
        "pk": "038",
        "fields": {
            "station_id": "MBLLM"
        }
    },
    {
        "model": "api.train_to_station",
        "pk": "039",
        "fields": {
            "station_id": "MBLKT"
        }
    },
    {
        "model": "api.train_to_station",
        "pk": "040",
        "fields": {
            "station_id": "MBLQS"
        }
    },
    {
        "model": "api.train_to_station",
        "pk": "041",
        "fields": {
            "station_id": "MBLSK"
        }
    },
    {
        "model": "api.train_to_station",
        "pk": "042",
        "fields": {
            "station_id": "MBLPB"
        }
    },
    {
        "model": "api.train_to_station",
        "pk": "043",
        "fields": {
            "station_id": "MBLPR"
        }
    },
    {
        "model": "api.train_to_station",
        "pk": "044",
        "fields": {
            "station_id": "MBLTC"
        }
    },
    {
        "model": "api.train_to_station",
        "pk": "045",
        "fields": {
            "station_id": "MBLHK"
        }
    },
    {
        "model": "api.train_to_station",
        "pk": "046",
        "fields": {
            "station_id": "MBLSS"
        }
    },
    {
        "model": "api.train_to_station",
        "pk": "047",
        "fields": {
            "station_id": "MBLRP"
        }
    },
    {
        "model": "api.train_to_station",
        "pk": "048",
        "fields": {
            "station_id": "MBLLP"
        }
    },
    {
        "model": "api.train_to_station",
        "pk": "049",
        "fields": {
            "station_id": "MBLPY"
        }
    },
    {
        "model": "api.train_to_station",
        "pk": "050",
        "fields": {
            "station_id": "MBLCP"
        }
    },
    {
        "model": "api.train_to_station",
        "pk": "051",
        "fields": {
            "station_id": "MBLKP"
        }
    },
    {
        "model": "api.train_to_station",
        "pk": "052",
        "fields": {
            "station_id": "MBLBS"
        }
    },
    {
        "model": "api.train_to_station",
        "pk": "053",
        "fields": {
            "station_id": "MBLTP"
        }
    },
    {
        "model": "api.train_to_station",
        "pk": "054",
        "fields": {
            "station_id": "MPKKB"
        }
    },
    {
        "model": "api.train_to_station",
        "pk": "055",
        "fields": {
            "station_id": "MPKTB"
        }
    },
    {
        "model": "api.train_to_station",
        "pk": "056",
        "fields": {
            "station_id": "MPKSY"
        }
    },
    {
        "model": "api.train_to_station",
        "pk": "057",
        "fields": {
            "station_id": "MPKBP"
        }
    },
    {
        "model": "api.train_to_station",
        "pk": "058",
        "fields": {
            "station_id": "MPKBR"
        }
    },
    {
        "model": "api.train_to_station",
        "pk": "059",
        "fields": {
            "station_id": "MPKBN"
        }
    },
    {
        "model": "api.train_to_station",
        "pk": "060",
        "fields": {
            "station_id": "MPKSM"
        }
    },
    {
        "model": "api.train_to_station",
        "pk": "061",
        "fields": {
            "station_id": "MPKPN"
        }
    },
    {
        "model": "api.train_to_station",
        "pk": "062",
        "fields": {
            "station_id": "MPKYN"
        }
    },
    {
        "model": "api.train_to_station",
        "pk": "063",
        "fields": {
            "station_id": "MPKBK"
        }
    },
    {
        "model": "api.train_to_station",
        "pk": "064",
        "fields": {
            "station_id": "MPKNC"
        }
    },
    {
        "model": "api.train_to_station",
        "pk": "065",
        "fields": {
            "station_id": "MPKMP"
        }
    },
    {
        "model": "api.train_to_station",
        "pk": "066",
        "fields": {
            "station_id": "MPKYT"
        }
    },
    {
        "model": "api.train_to_station",
        "pk": "067",
        "fields": {
            "station_id": "MPKWS"
        }
    },
    {
        "model": "api.train_to_station",
        "pk": "068",
        "fields": {
            "station_id": "MPKBS"
        }
    },
    {
        "model": "api.train_to_station",
        "pk": "069",
        "fields": {
            "station_id": "MPKTP"
        }
    },
    {
        "model": "api.train_to_station",
        "pk": "101",
        "fields": {
            "station_id": "BSKMC"
        }
    },
    {
        "model": "api.train_to_station",
        "pk": "102",
        "fields": {
            "station_id": "BSKSK"
        }
    },
    {
        "model": "api.train_to_station",
        "pk": "103",
        "fields": {
            "station_id": "BSKSP"
        }
    },
    {
        "model": "api.train_to_station",
        "pk": "104",
        "fields": {
            "station_id": "BSKAR"
        }
    },
    {
        "model": "api.train_to_station",
        "pk": "105",
        "fields": {
            "station_id": "BSKVM"
        }
    },
    {
        "model": "api.train_to_station",
        "pk": "106",
        "fields": {
            "station_id": "BSKPT"
        }
    },
    {
        "model": "api.train_to_station",
        "pk": "107",
        "fields": {
            "station_id": "BSKRW"
        }
    },
    {
        "model": "api.train_to_station",
        "pk": "108",
        "fields": {
            "station_id": "BSKSM"
        }
    },
    {
        "model": "api.train_to_station",
        "pk": "109",
        "fields": {
            "station_id": "BSKPC"
        }
    },
    {
        "model": "api.train_to_station",
        "pk": "110",
        "fields": {
            "station_id": "BSKNN"
        }
    },
    {
        "model": "api.train_to_station",
        "pk": "111",
        "fields": {
            "station_id": "BSKAS"
        }
    },
    {
        "model": "api.train_to_station",
        "pk": "112",
        "fields": {
            "station_id": "BSKPP"
        }
    },
    {
        "model": "api.train_to_station",
        "pk": "113",
        "fields": {
            "station_id": "BSKTL"
        }
    },
    {
        "model": "api.train_to_station",
        "pk": "114",
        "fields": {
            "station_id": "BSKEK"
        }
    },
    {
        "model": "api.train_to_station",
        "pk": "115",
        "fields": {
            "station_id": "BSKPK"
        }
    },
    {
        "model": "api.train_to_station",
        "pk": "116",
        "fields": {
            "station_id": "BSKON"
        }
    },
    {
        "model": "api.train_to_station",
        "pk": "117",
        "fields": {
            "station_id": "BSKBC"
        }
    },
    {
        "model": "api.train_to_station",
        "pk": "118",
        "fields": {
            "station_id": "BSKPW"
        }
    },
    {
        "model": "api.train_to_station",
        "pk": "119",
        "fields": {
            "station_id": "BSKUS"
        }
    },
    {
        "model": "api.train_to_station",
        "pk": "120",
        "fields": {
            "station_id": "BSKBN"
        }
    },
    {
        "model": "api.train_to_station",
        "pk": "121",
        "fields": {
            "station_id": "BSKBR"
        }
    },
    {
        "model": "api.train_to_station",
        "pk": "122",
        "fields": {
            "station_id": "BSLNS"
        }
    },
    {
        "model": "api.train_to_station",
        "pk": "123",
        "fields": {
            "station_id": "BSLSM"
        }
    },
    {
        "model": "api.train_to_station",
        "pk": "124",
        "fields": {
            "station_id": "BSLRD"
        }
    },
    {
        "model": "api.train_to_station",
        "pk": "125",
        "fields": {
            "station_id": "BSLSD"
        }
    },
    {
        "model": "api.train_to_station",
        "pk": "126",
        "fields": {
            "station_id": "BSLCN"
        }
    },
    {
        "model": "api.train_to_station",
        "pk": "127",
        "fields": {
            "station_id": "BSLSR"
        }
    },
    {
        "model": "api.train_to_station",
        "pk": "128",
        "fields": {
            "station_id": "BSLST"
        }
    },
    {
        "model": "api.train_to_station",
        "pk": "129",
        "fields": {
            "station_id": "BSLKT"
        }
    },
    {
        "model": "api.train_to_station",
        "pk": "130",
        "fields": {
            "station_id": "BSLWY"
        }
    },
    {
        "model": "api.train_to_station",
        "pk": "131",
        "fields": {
            "station_id": "BSLPN"
        }
    },
    {
        "model": "api.train_to_station",
        "pk": "132",
        "fields": {
            "station_id": "BSLTP"
        }
    },
    {
        "model": "api.train_to_station",
        "pk": "133",
        "fields": {
            "station_id": "BSLWK"
        }
    },
    {
        "model": "api.train_to_station",
        "pk": "134",
        "fields": {
            "station_id": "BSLBW"
        }
    },
    {
        "model": "api.train_to_station",
        "pk": "135",
        "fields": {
            "station_id": "MBLHL"
        }
    },
    {
        "model": "api.train_to_station",
        "pk": "136",
        "fields": {
            "station_id": "MBLSY"
        }
    },
    {
        "model": "api.train_to_station",
        "pk": "137",
        "fields": {
            "station_id": "MBLSL"
        }
    },
    {
        "model": "api.train_to_station",
        "pk": "138",
        "fields": {
            "station_id": "MBLLM"
        }
    },
    {
        "model": "api.train_to_station",
        "pk": "139",
        "fields": {
            "station_id": "MBLKT"
        }
    },
    {
        "model": "api.train_to_station",
        "pk": "140",
        "fields": {
            "station_id": "MBLQS"
        }
    },
    {
        "model": "api.train_to_station",
        "pk": "141",
        "fields": {
            "station_id": "MBLSK"
        }
    },
    {
        "model": "api.train_to_station",
        "pk": "142",
        "fields": {
            "station_id": "MBLPB"
        }
    },
    {
        "model": "api.train_to_station",
        "pk": "143",
        "fields": {
            "station_id": "MBLPR"
        }
    },
    {
        "model": "api.train_to_station",
        "pk": "144",
        "fields": {
            "station_id": "MBLTC"
        }
    },
    {
        "model": "api.train_to_station",
        "pk": "145",
        "fields": {
            "station_id": "MBLHK"
        }
    },
    {
        "model": "api.train_to_station",
        "pk": "146",
        "fields": {
            "station_id": "MBLSS"
        }
    },
    {
        "model": "api.train_to_station",
        "pk": "147",
        "fields": {
            "station_id": "MBLRP"
        }
    },
    {
        "model": "api.train_to_station",
        "pk": "148",
        "fields": {
            "station_id": "MBLLP"
        }
    },
    {
        "model": "api.train_to_station",
        "pk": "149",
        "fields": {
            "station_id": "MBLPY"
        }
    },
    {
        "model": "api.train_to_station",
        "pk": "150",
        "fields": {
            "station_id": "MBLCP"
        }
    },
    {
        "model": "api.train_to_station",
        "pk": "151",
        "fields": {
            "station_id": "MBLKP"
        }
    },
    {
        "model": "api.train_to_station",
        "pk": "152",
        "fields": {
            "station_id": "MBLBS"
        }
    },
    {
        "model": "api.train_to_station",
        "pk": "153",
        "fields": {
            "station_id": "MBLTP"
        }
    },
    {
        "model": "api.train_to_station",
        "pk": "154",
        "fields": {
            "station_id": "MPKKB"
        }
    },
    {
        "model": "api.train_to_station",
        "pk": "155",
        "fields": {
            "station_id": "MPKTB"
        }
    },
    {
        "model": "api.train_to_station",
        "pk": "156",
        "fields": {
            "station_id": "MPKSY"
        }
    },
    {
        "model": "api.train_to_station",
        "pk": "157",
        "fields": {
            "station_id": "MPKBP"
        }
    },
    {
        "model": "api.train_to_station",
        "pk": "158",
        "fields": {
            "station_id": "MPKBR"
        }
    },
    {
        "model": "api.train_to_station",
        "pk": "159",
        "fields": {
            "station_id": "MPKBN"
        }
    },
    {
        "model": "api.train_to_station",
        "pk": "160",
        "fields": {
            "station_id": "MPKSM"
        }
    },
    {
        "model": "api.train_to_station",
        "pk": "161",
        "fields": {
            "station_id": "MPKPN"
        }
    },
    {
        "model": "api.train_to_station",
        "pk": "162",
        "fields": {
            "station_id": "MPKYN"
        }
    },
    {
        "model": "api.train_to_station",
        "pk": "163",
        "fields": {
            "station_id": "MPKBK"
        }
    },
    {
        "model": "api.train_to_station",
        "pk": "164",
        "fields": {
            "station_id": "MPKNC"
        }
    },
    {
        "model": "api.train_to_station",
        "pk": "165",
        "fields": {
            "station_id": "MPKMP"
        }
    },
    {
        "model": "api.train_to_station",
        "pk": "166",
        "fields": {
            "station_id": "MPKYT"
        }
    },
    {
        "model": "api.train_to_station",
        "pk": "167",
        "fields": {
            "station_id": "MPKWS"
        }
    },
    {
        "model": "api.train_to_station",
        "pk": "168",
        "fields": {
            "station_id": "MPKBS"
        }
    },
    {
        "model": "api.train_to_station",
        "pk": "169",
        "fields": {
            "station_id": "MPKTP"
        }
    },
    {
        "model": "api.station",
        "pk": "BSKMC",
        "fields": {
            "station_name": "Mo Chit"
        }
    },
    {
        "model": "api.station",
        "pk": "BSKSK",
        "fields": {
            "station_name": "Saphan Kwai"
        }
    },
    {
        "model": "api.station",
        "pk": "BSKSP",
        "fields": {
            "station_name": "Sanam Pao"
        }
    },
    {
        "model": "api.station",
        "pk": "BSKAR",
        "fields": {
            "station_name": "Ari"
        }
    },
    {
        "model": "api.station",
        "pk": "BSKVM",
        "fields": {
            "station_name": "Victory Monuments"
        }
    },
    {
        "model": "api.station",
        "pk": "BSKPT",
        "fields": {
            "station_name": "Phaya Thai"
        }
    },
    {
        "model": "api.station",
        "pk": "BSKRW",
        "fields": {
            "station_name": "Ratchathewi"
        }
    },
    {
        "model": "api.station",
        "pk": "BSKSM",
        "fields": {
            "station_name": "Siam"
        }
    },
    {
        "model": "api.station",
        "pk": "BSKPC",
        "fields": {
            "station_name": "Phloen Chit"
        }
    },
    {
        "model": "api.station",
        "pk": "BSKNN",
        "fields": {
            "station_name": "Nana"
        }
    },
    {
        "model": "api.station",
        "pk": "BSKAS",
        "fields": {
            "station_name": "Asok"
        }
    },
    {
        "model": "api.station",
        "pk": "BSKPP",
        "fields": {
            "station_name": "Phrom Phong"
        }
    },
    {
        "model": "api.station",
        "pk": "BSKTL",
        "fields": {
            "station_name": "Thong lo"
        }
    },
    {
        "model": "api.station",
        "pk": "BSKEK",
        "fields": {
            "station_name": "Ekkamai"
        }
    },
    {
        "model": "api.station",
        "pk": "BSKPK",
        "fields": {
            "station_name": "Phra Khanong"
        }
    },
    {
        "model": "api.station",
        "pk": "BSKON",
        "fields": {
            "station_name": "On Nut"
        }
    },
    {
        "model": "api.station",
        "pk": "BSKBC",
        "fields": {
            "station_name": "Bang Chak"
        }
    },
    {
        "model": "api.station",
        "pk": "BSKPW",
        "fields": {
            "station_name": "Punnawithi"
        }
    },
    {
        "model": "api.station",
        "pk": "BSKUS",
        "fields": {
            "station_name": "Udom Suk"
        }
    },
    {
        "model": "api.station",
        "pk": "BSKBN",
        "fields": {
            "station_name": "Bang Na"
        }
    },
    {
        "model": "api.station",
        "pk": "BSKBR",
        "fields": {
            "station_name": "Bearing"
        }
    },
    {
        "model": "api.station",
        "pk": "BSLNS",
        "fields": {
            "station_name": "National Stadium"
        }
    },
    {
        "model": "api.station",
        "pk": "BSLSM",
        "fields": {
            "station_name": "Siam"
        }
    },
    {
        "model": "api.station",
        "pk": "BSLRD",
        "fields": {
            "station_name": "Ratchadamri"
        }
    },
    {
        "model": "api.station",
        "pk": "BSLSD",
        "fields": {
            "station_name": "Sala  Daeng"
        }
    },
    {
        "model": "api.station",
        "pk": "BSLCN",
        "fields": {
            "station_name": "Chong Nonsi"
        }
    },
    {
        "model": "api.station",
        "pk": "BSLSR",
        "fields": {
            "station_name": "Surasak"
        }
    },
    {
        "model": "api.station",
        "pk": "BSLST",
        "fields": {
            "station_name": "Saphan Taksin"
        }
    },
    {
        "model": "api.station",
        "pk": "BSLKT",
        "fields": {
            "station_name": "Krung Thonburi"
        }
    },
    {
        "model": "api.station",
        "pk": "BSLWY",
        "fields": {
            "station_name": "Wongwian Yai"
        }
    },
    {
        "model": "api.station",
        "pk": "BSLPN",
        "fields": {
            "station_name": "Pho Nimit"
        }
    },
    {
        "model": "api.station",
        "pk": "BSLTP",
        "fields": {
            "station_name": "Talat Phlu"
        }
    },
    {
        "model": "api.station",
        "pk": "BSLWK",
        "fields": {
            "station_name": "Wutthakat"
        }
    },
    {
        "model": "api.station",
        "pk": "BSLBW",
        "fields": {
            "station_name": "Bangwa"
        }
    },
    {
        "model": "api.station",
        "pk": "MBLHL",
        "fields": {
            "station_name": "Hua Lamphong"
        }
    },
    {
        "model": "api.station",
        "pk": "MBLSY",
        "fields": {
            "station_name": "Sam Yan"
        }
    },
    {
        "model": "api.station",
        "pk": "MBLSL",
        "fields": {
            "station_name": "Silom"
        }
    },
    {
        "model": "api.station",
        "pk": "MBLLM",
        "fields": {
            "station_name": "Lumphini"
        }
    },
    {
        "model": "api.station",
        "pk": "MBLKT",
        "fields": {
            "station_name": "Khlong Toei"
        }
    },
    {
        "model": "api.station",
        "pk": "MBLQS",
        "fields": {
            "station_name": "Queen Sirikit National Convention Center"
        }
    },
    {
        "model": "api.station",
        "pk": "MBLSK",
        "fields": {
            "station_name": "Sukhumvit"
        }
    },
    {
        "model": "api.station",
        "pk": "MBLPB",
        "fields": {
            "station_name": "Phetchaburi"
        }
    },
    {
        "model": "api.station",
        "pk": "MBLPR",
        "fields": {
            "station_name": "Phra Ram 9"
        }
    },
    {
        "model": "api.station",
        "pk": "MBLTC",
        "fields": {
            "station_name": "Thailand Cultural Center"
        }
    },
    {
        "model": "api.station",
        "pk": "MBLHK",
        "fields": {
            "station_name": "Hai Khwang"
        }
    },
    {
        "model": "api.station",
        "pk": "MBLSS",
        "fields": {
            "station_name": "Sutthisan"
        }
    },
    {
        "model": "api.station",
        "pk": "MBLRP",
        "fields": {
            "station_name": "Ratchadaphisek"
        }
    },
    {
        "model": "api.station",
        "pk": "MBLLP",
        "fields": {
            "station_name": "Lat Phrao"
        }
    },
    {
        "model": "api.station",
        "pk": "MBLPY",
        "fields": {
            "station_name": "Phahon Yothin"
        }
    },
    {
        "model": "api.station",
        "pk": "MBLCP",
        "fields": {
            "station_name": "Chatuchak Park"
        }
    },
    {
        "model": "api.station",
        "pk": "MBLKP",
        "fields": {
            "station_name": "Kamphaeng Phet"
        }
    },
    {
        "model": "api.station",
        "pk": "MBLBS",
        "fields": {
            "station_name": "Bang Sue"
        }
    },
    {
        "model": "api.station",
        "pk": "MBLTP",
        "fields": {
            "station_name": "Tao Poon"
        }
    },
    {
        "model": "api.station",
        "pk": "MPKKB",
        "fields": {
            "station_name": "Khlong Bang Phai"
        }
    },
    {
        "model": "api.station",
        "pk": "MPKTB",
        "fields": {
            "station_name": "Talat Bang Yai"
        }
    },
    {
        "model": "api.station",
        "pk": "MPKSY",
        "fields": {
            "station_name": "Sam Yaek Bang Yai"
        }
    },
    {
        "model": "api.station",
        "pk": "MPKBP",
        "fields": {
            "station_name": "Bang Phlu"
        }
    },
    {
        "model": "api.station",
        "pk": "MPKBR",
        "fields": {
            "station_name": "Bang Rak Yai"
        }
    },
    {
        "model": "api.station",
        "pk": "MPKBN",
        "fields": {
            "station_name": "Bang Rak Noi Tha It"
        }
    },
    {
        "model": "api.station",
        "pk": "MPKSM",
        "fields": {
            "station_name": "Sai Ma"
        }
    },
    {
        "model": "api.station",
        "pk": "MPKPN",
        "fields": {
            "station_name": "Phra Nangkhlao Bridge"
        }
    },
    {
        "model": "api.station",
        "pk": "MPKYN",
        "fields": {
            "station_name": "Yaek Nonthaburi 1"
        }
    },
    {
        "model": "api.station",
        "pk": "MPKBK",
        "fields": {
            "station_name": "Bang Krasor"
        }
    },
    {
        "model": "api.station",
        "pk": "MPKNC",
        "fields": {
            "station_name": "Nonthaburi Civic Center"
        }
    },
    {
        "model": "api.station",
        "pk": "MPKMP",
        "fields": {
            "station_name": "Ministry of Public Health"
        }
    },
    {
        "model": "api.station",
        "pk": "MPKYT",
        "fields": {
            "station_name": "Yaek Tiwanon"
        }
    },
    {
        "model": "api.station",
        "pk": "MPKWS",
        "fields": {
            "station_name": "Wong Sawang"
        }
    },
    {
        "model": "api.station",
        "pk": "MPKBS",
        "fields": {
            "station_name": "Bang Son"
        }
    },
    {
        "model": "api.station",
        "pk": "MPKTP",
        "fields": {
            "station_name": "Tao Poon"
        }
    },
    {
        "model": "api.train",
        "pk": "001",
        "fields": {
            "start_station_id": "BSKMC",
            "end_station_id": "BSKBR"
        }
    },
    {
        "model": "api.train",
        "pk": "002",
        "fields": {
            "start_station_id": "BSKSK",
            "end_station_id": "BSKBR"
        }
    },
    {
        "model": "api.train",
        "pk": "003",
        "fields": {
            "start_station_id": "BSKSP",
            "end_station_id": "BSKBR"
        }
    },
    {
        "model": "api.train",
        "pk": "004",
        "fields": {
            "start_station_id": "BSKAR",
            "end_station_id": "BSKBR"
        }
    },
    {
        "model": "api.train",
        "pk": "005",
        "fields": {
            "start_station_id": "BSKVM",
            "end_station_id": "BSKBR"
        }
    },
    {
        "model": "api.train",
        "pk": "006",
        "fields": {
            "start_station_id": "BSKPT",
            "end_station_id": "BSKBR"
        }
    },
    {
        "model": "api.train",
        "pk": "007",
        "fields": {
            "start_station_id": "BSKRW",
            "end_station_id": "BSKBR"
        }
    },
    {
        "model": "api.train",
        "pk": "008",
        "fields": {
            "start_station_id": "BSKSM",
            "end_station_id": "BSKBR"
        }
    },
    {
        "model": "api.train",
        "pk": "009",
        "fields": {
            "start_station_id": "BSKPC",
            "end_station_id": "BSKBR"
        }
    },
    {
        "model": "api.train",
        "pk": "010",
        "fields": {
            "start_station_id": "BSKNN",
            "end_station_id": "BSKBR"
        }
    },
    {
        "model": "api.train",
        "pk": "011",
        "fields": {
            "start_station_id": "BSKAS",
            "end_station_id": "BSKBR"
        }
    },
    {
        "model": "api.train",
        "pk": "012",
        "fields": {
            "start_station_id": "BSKPP",
            "end_station_id": "BSKBR"
        }
    },
    {
        "model": "api.train",
        "pk": "013",
        "fields": {
            "start_station_id": "BSKTL",
            "end_station_id": "BSKBR"
        }
    },
    {
        "model": "api.train",
        "pk": "014",
        "fields": {
            "start_station_id": "BSKEK",
            "end_station_id": "BSKBR"
        }
    },
    {
        "model": "api.train",
        "pk": "015",
        "fields": {
            "start_station_id": "BSKPK",
            "end_station_id": "BSKBR"
        }
    },
    {
        "model": "api.train",
        "pk": "016",
        "fields": {
            "start_station_id": "BSKON",
            "end_station_id": "BSKBR"
        }
    },
    {
        "model": "api.train",
        "pk": "017",
        "fields": {
            "start_station_id": "BSKBC",
            "end_station_id": "BSKBR"
        }
    },
    {
        "model": "api.train",
        "pk": "018",
        "fields": {
            "start_station_id": "BSKPW",
            "end_station_id": "BSKBR"
        }
    },
    {
        "model": "api.train",
        "pk": "019",
        "fields": {
            "start_station_id": "BSKUS",
            "end_station_id": "BSKBR"
        }
    },
    {
        "model": "api.train",
        "pk": "020",
        "fields": {
            "start_station_id": "BSKBN",
            "end_station_id": "BSKBR"
        }
    },
    {
        "model": "api.train",
        "pk": "021",
        "fields": {
            "start_station_id": "BSKBR",
            "end_station_id": "BSKBR"
        }
    },
    {
        "model": "api.train",
        "pk": "022",
        "fields": {
            "start_station_id": "BSLNS",
            "end_station_id": "BSLBW"
        }
    },
    {
        "model": "api.train",
        "pk": "023",
        "fields": {
            "start_station_id": "BSLSM",
            "end_station_id": "BSLBW"
        }
    },
    {
        "model": "api.train",
        "pk": "024",
        "fields": {
            "start_station_id": "BSLRD",
            "end_station_id": "BSLBW"
        }
    },
    {
        "model": "api.train",
        "pk": "025",
        "fields": {
            "start_station_id": "BSLSD",
            "end_station_id": "BSLBW"
        }
    },
    {
        "model": "api.train",
        "pk": "026",
        "fields": {
            "start_station_id": "BSLCN",
            "end_station_id": "BSLBW"
        }
    },
    {
        "model": "api.train",
        "pk": "027",
        "fields": {
            "start_station_id": "BSLSR",
            "end_station_id": "BSLBW"
        }
    },
    {
        "model": "api.train",
        "pk": "028",
        "fields": {
            "start_station_id": "BSLST",
            "end_station_id": "BSLBW"
        }
    },
    {
        "model": "api.train",
        "pk": "029",
        "fields": {
            "start_station_id": "BSLKT",
            "end_station_id": "BSLBW"
        }
    },
    {
        "model": "api.train",
        "pk": "030",
        "fields": {
            "start_station_id": "BSLWY",
            "end_station_id": "BSLBW"
        }
    },
    {
        "model": "api.train",
        "pk": "031",
        "fields": {
            "start_station_id": "BSLPN",
            "end_station_id": "BSLBW"
        }
    },
    {
        "model": "api.train",
        "pk": "032",
        "fields": {
            "start_station_id": "BSLTP",
            "end_station_id": "BSLBW"
        }
    },
    {
        "model": "api.train",
        "pk": "033",
        "fields": {
            "start_station_id": "BSLWK",
            "end_station_id": "BSLBW"
        }
    },
    {
        "model": "api.train",
        "pk": "034",
        "fields": {
            "start_station_id": "BSLBW",
            "end_station_id": "BSLBW"
        }
    },
    {
        "model": "api.train",
        "pk": "035",
        "fields": {
            "start_station_id": "MBLHL",
            "end_station_id": "MBLTP"
        }
    },
    {
        "model": "api.train",
        "pk": "036",
        "fields": {
            "start_station_id": "MBLSY",
            "end_station_id": "MBLTP"
        }
    },
    {
        "model": "api.train",
        "pk": "037",
        "fields": {
            "start_station_id": "MBLSL",
            "end_station_id": "MBLTP"
        }
    },
    {
        "model": "api.train",
        "pk": "038",
        "fields": {
            "start_station_id": "MBLLM",
            "end_station_id": "MBLTP"
        }
    },
    {
        "model": "api.train",
        "pk": "039",
        "fields": {
            "start_station_id": "MBLKT",
            "end_station_id": "MBLTP"
        }
    },
    {
        "model": "api.train",
        "pk": "040",
        "fields": {
            "start_station_id": "MBLQS",
            "end_station_id": "MBLTP"
        }
    },
    {
        "model": "api.train",
        "pk": "041",
        "fields": {
            "start_station_id": "MBLSK",
            "end_station_id": "MBLTP"
        }
    },
    {
        "model": "api.train",
        "pk": "042",
        "fields": {
            "start_station_id": "MBLPB",
            "end_station_id": "MBLTP"
        }
    },
    {
        "model": "api.train",
        "pk": "043",
        "fields": {
            "start_station_id": "MBLPR",
            "end_station_id": "MBLTP"
        }
    },
    {
        "model": "api.train",
        "pk": "044",
        "fields": {
            "start_station_id": "MBLTC",
            "end_station_id": "MBLTP"
        }
    },
    {
        "model": "api.train",
        "pk": "045",
        "fields": {
            "start_station_id": "MBLHK",
            "end_station_id": "MBLTP"
        }
    },
    {
        "model": "api.train",
        "pk": "046",
        "fields": {
            "start_station_id": "MBLSS",
            "end_station_id": "MBLTP"
        }
    },
    {
        "model": "api.train",
        "pk": "047",
        "fields": {
            "start_station_id": "MBLRP",
            "end_station_id": "MBLTP"
        }
    },
    {
        "model": "api.train",
        "pk": "048",
        "fields": {
            "start_station_id": "MBLLP",
            "end_station_id": "MBLTP"
        }
    },
    {
        "model": "api.train",
        "pk": "049",
        "fields": {
            "start_station_id": "MBLPY",
            "end_station_id": "MBLTP"
        }
    },
    {
        "model": "api.train",
        "pk": "050",
        "fields": {
            "start_station_id": "MBLCP",
            "end_station_id": "MBLTP"
        }
    },
    {
        "model": "api.train",
        "pk": "051",
        "fields": {
            "start_station_id": "MBLKP",
            "end_station_id": "MBLTP"
        }
    },
    {
        "model": "api.train",
        "pk": "052",
        "fields": {
            "start_station_id": "MBLBS",
            "end_station_id": "MBLTP"
        }
    },
    {
        "model": "api.train",
        "pk": "053",
        "fields": {
            "start_station_id": "MBLTP",
            "end_station_id": "MBLTP"
        }
    },
    {
        "model": "api.train",
        "pk": "054",
        "fields": {
            "start_station_id": "MPKKB",
            "end_station_id": "MPKTP"
        }
    },
    {
        "model": "api.train",
        "pk": "055",
        "fields": {
            "start_station_id": "MPKTB",
            "end_station_id": "MPKTP"
        }
    },
    {
        "model": "api.train",
        "pk": "056",
        "fields": {
            "start_station_id": "MPKSY",
            "end_station_id": "MPKTP"
        }
    },
    {
        "model": "api.train",
        "pk": "057",
        "fields": {
            "start_station_id": "MPKBP",
            "end_station_id": "MPKTP"
        }
    },
    {
        "model": "api.train",
        "pk": "058",
        "fields": {
            "start_station_id": "MPKBR",
            "end_station_id": "MPKTP"
        }
    },
    {
        "model": "api.train",
        "pk": "059",
        "fields": {
            "start_station_id": "MPKBN",
            "end_station_id": "MPKTP"
        }
    },
    {
        "model": "api.train",
        "pk": "060",
        "fields": {
            "start_station_id": "MPKSM",
            "end_station_id": "MPKTP"
        }
    },
    {
        "model": "api.train",
        "pk": "061",
        "fields": {
            "start_station_id": "MPKPN",
            "end_station_id": "MPKTP"
        }
    },
    {
        "model": "api.train",
        "pk": "062",
        "fields": {
            "start_station_id": "MPKYN",
            "end_station_id": "MPKTP"
        }
    },
    {
        "model": "api.train",
        "pk": "063",
        "fields": {
            "start_station_id": "MPKBK",
            "end_station_id": "MPKTP"
        }
    },
    {
        "model": "api.train",
        "pk": "064",
        "fields": {
            "start_station_id": "MPKNC",
            "end_station_id": "MPKTP"
        }
    },
    {
        "model": "api.train",
        "pk": "065",
        "fields": {
            "start_station_id": "MPKMP",
            "end_station_id": "MPKTP"
        }
    },
    {
        "model": "api.train",
        "pk": "066",
        "fields": {
            "start_station_id": "MPKYT",
            "end_station_id": "MPKTP"
        }
    },
    {
        "model": "api.train",
        "pk": "067",
        "fields": {
            "start_station_id": "MPKWS",
            "end_station_id": "MPKTP"
        }
    },
    {
        "model": "api.train",
        "pk": "068",
        "fields": {
            "start_station_id": "MPKBS",
            "end_station_id": "MPKTP"
        }
    },
    {
        "model": "api.train",
        "pk": "069",
        "fields": {
            "start_station_id": "MPKTP",
            "end_station_id": "MPKTP"
        }
    },
    {
        "model": "api.train",
        "pk": "101",
        "fields": {
            "start_station_id": "BSKMC",
            "end_station_id": "BSKMC"
        }
    },
    {
        "model": "api.train",
        "pk": "102",
        "fields": {
            "start_station_id": "BSKSK",
            "end_station_id": "BSKMC"
        }
    },
    {
        "model": "api.train",
        "pk": "103",
        "fields": {
            "start_station_id": "BSKSP",
            "end_station_id": "BSKMC"
        }
    },
    {
        "model": "api.train",
        "pk": "104",
        "fields": {
            "start_station_id": "BSKAR",
            "end_station_id": "BSKMC"
        }
    },
    {
        "model": "api.train",
        "pk": "105",
        "fields": {
            "start_station_id": "BSKVM",
            "end_station_id": "BSKMC"
        }
    },
    {
        "model": "api.train",
        "pk": "106",
        "fields": {
            "start_station_id": "BSKPT",
            "end_station_id": "BSKMC"
        }
    },
    {
        "model": "api.train",
        "pk": "107",
        "fields": {
            "start_station_id": "BSKRW",
            "end_station_id": "BSKMC"
        }
    },
    {
        "model": "api.train",
        "pk": "108",
        "fields": {
            "start_station_id": "BSKSM",
            "end_station_id": "BSKMC"
        }
    },
    {
        "model": "api.train",
        "pk": "109",
        "fields": {
            "start_station_id": "BSKPC",
            "end_station_id": "BSKMC"
        }
    },
    {
        "model": "api.train",
        "pk": "110",
        "fields": {
            "start_station_id": "BSKNN",
            "end_station_id": "BSKMC"
        }
    },
    {
        "model": "api.train",
        "pk": "111",
        "fields": {
            "start_station_id": "BSKAS",
            "end_station_id": "BSKMC"
        }
    },
    {
        "model": "api.train",
        "pk": "112",
        "fields": {
            "start_station_id": "BSKPP",
            "end_station_id": "BSKMC"
        }
    },
    {
        "model": "api.train",
        "pk": "113",
        "fields": {
            "start_station_id": "BSKTL",
            "end_station_id": "BSKMC"
        }
    },
    {
        "model": "api.train",
        "pk": "114",
        "fields": {
            "start_station_id": "BSKEK",
            "end_station_id": "BSKMC"
        }
    },
    {
        "model": "api.train",
        "pk": "115",
        "fields": {
            "start_station_id": "BSKPK",
            "end_station_id": "BSKMC"
        }
    },
    {
        "model": "api.train",
        "pk": "116",
        "fields": {
            "start_station_id": "BSKON",
            "end_station_id": "BSKMC"
        }
    },
    {
        "model": "api.train",
        "pk": "117",
        "fields": {
            "start_station_id": "BSKBC",
            "end_station_id": "BSKMC"
        }
    },
    {
        "model": "api.train",
        "pk": "118",
        "fields": {
            "start_station_id": "BSKPW",
            "end_station_id": "BSKMC"
        }
    },
    {
        "model": "api.train",
        "pk": "119",
        "fields": {
            "start_station_id": "BSKUS",
            "end_station_id": "BSKMC"
        }
    },
    {
        "model": "api.train",
        "pk": "120",
        "fields": {
            "start_station_id": "BSKBN",
            "end_station_id": "BSKMC"
        }
    },
    {
        "model": "api.train",
        "pk": "121",
        "fields": {
            "start_station_id": "BSKBR",
            "end_station_id": "BSKMC"
        }
    },
    {
        "model": "api.train",
        "pk": "122",
        "fields": {
            "start_station_id": "BSLNS",
            "end_station_id": "BSLNS"
        }
    },
    {
        "model": "api.train",
        "pk": "123",
        "fields": {
            "start_station_id": "BSLSM",
            "end_station_id": "BSLNS"
        }
    },
    {
        "model": "api.train",
        "pk": "124",
        "fields": {
            "start_station_id": "BSLRD",
            "end_station_id": "BSLNS"
        }
    },
    {
        "model": "api.train",
        "pk": "125",
        "fields": {
            "start_station_id": "BSLSD",
            "end_station_id": "BSLNS"
        }
    },
    {
        "model": "api.train",
        "pk": "126",
        "fields": {
            "start_station_id": "BSLCN",
            "end_station_id": "BSLNS"
        }
    },
    {
        "model": "api.train",
        "pk": "127",
        "fields": {
            "start_station_id": "BSLSR",
            "end_station_id": "BSLNS"
        }
    },
    {
        "model": "api.train",
        "pk": "128",
        "fields": {
            "start_station_id": "BSLST",
            "end_station_id": "BSLNS"
        }
    },
    {
        "model": "api.train",
        "pk": "129",
        "fields": {
            "start_station_id": "BSLKT",
            "end_station_id": "BSLNS"
        }
    },
    {
        "model": "api.train",
        "pk": "130",
        "fields": {
            "start_station_id": "BSLWY",
            "end_station_id": "BSLNS"
        }
    },
    {
        "model": "api.train",
        "pk": "131",
        "fields": {
            "start_station_id": "BSLPN",
            "end_station_id": "BSLNS"
        }
    },
    {
        "model": "api.train",
        "pk": "132",
        "fields": {
            "start_station_id": "BSLTP",
            "end_station_id": "BSLNS"
        }
    },
    {
        "model": "api.train",
        "pk": "133",
        "fields": {
            "start_station_id": "BSLWK",
            "end_station_id": "BSLNS"
        }
    },
    {
        "model": "api.train",
        "pk": "134",
        "fields": {
            "start_station_id": "BSLBW",
            "end_station_id": "BSLNS"
        }
    },
    {
        "model": "api.train",
        "pk": "135",
        "fields": {
            "start_station_id": "MBLHL",
            "end_station_id": "MBLHL"
        }
    },
    {
        "model": "api.train",
        "pk": "136",
        "fields": {
            "start_station_id": "MBLSY",
            "end_station_id": "MBLHL"
        }
    },
    {
        "model": "api.train",
        "pk": "137",
        "fields": {
            "start_station_id": "MBLSL",
            "end_station_id": "MBLHL"
        }
    },
    {
        "model": "api.train",
        "pk": "138",
        "fields": {
            "start_station_id": "MBLLM",
            "end_station_id": "MBLHL"
        }
    },
    {
        "model": "api.train",
        "pk": "139",
        "fields": {
            "start_station_id": "MBLKT",
            "end_station_id": "MBLHL"
        }
    },
    {
        "model": "api.train",
        "pk": "140",
        "fields": {
            "start_station_id": "MBLQS",
            "end_station_id": "MBLHL"
        }
    },
    {
        "model": "api.train",
        "pk": "141",
        "fields": {
            "start_station_id": "MBLSK",
            "end_station_id": "MBLHL"
        }
    },
    {
        "model": "api.train",
        "pk": "142",
        "fields": {
            "start_station_id": "MBLPB",
            "end_station_id": "MBLHL"
        }
    },
    {
        "model": "api.train",
        "pk": "143",
        "fields": {
            "start_station_id": "MBLPR",
            "end_station_id": "MBLHL"
        }
    },
    {
        "model": "api.train",
        "pk": "144",
        "fields": {
            "start_station_id": "MBLTC",
            "end_station_id": "MBLHL"
        }
    },
    {
        "model": "api.train",
        "pk": "145",
        "fields": {
            "start_station_id": "MBLHK",
            "end_station_id": "MBLHL"
        }
    },
    {
        "model": "api.train",
        "pk": "146",
        "fields": {
            "start_station_id": "MBLSS",
            "end_station_id": "MBLHL"
        }
    },
    {
        "model": "api.train",
        "pk": "147",
        "fields": {
            "start_station_id": "MBLRP",
            "end_station_id": "MBLHL"
        }
    },
    {
        "model": "api.train",
        "pk": "148",
        "fields": {
            "start_station_id": "MBLLP",
            "end_station_id": "MBLHL"
        }
    },
    {
        "model": "api.train",
        "pk": "149",
        "fields": {
            "start_station_id": "MBLPY",
            "end_station_id": "MBLHL"
        }
    },
    {
        "model": "api.train",
        "pk": "150",
        "fields": {
            "start_station_id": "MBLCP",
            "end_station_id": "MBLHL"
        }
    },
    {
        "model": "api.train",
        "pk": "151",
        "fields": {
            "start_station_id": "MBLKP",
            "end_station_id": "MBLHL"
        }
    },
    {
        "model": "api.train",
        "pk": "152",
        "fields": {
            "start_station_id": "MBLBS",
            "end_station_id": "MBLHL"
        }
    },
    {
        "model": "api.train",
        "pk": "153",
        "fields": {
            "start_station_id": "MBLTP",
            "end_station_id": "MBLHL"
        }
    },
    {
        "model": "api.train",
        "pk": "154",
        "fields": {
            "start_station_id": "MPKKB",
            "end_station_id": "MPKKB"
        }
    },
    {
        "model": "api.train",
        "pk": "155",
        "fields": {
            "start_station_id": "MPKTB",
            "end_station_id": "MPKKB"
        }
    },
    {
        "model": "api.train",
        "pk": "156",
        "fields": {
            "start_station_id": "MPKSY",
            "end_station_id": "MPKKB"
        }
    },
    {
        "model": "api.train",
        "pk": "157",
        "fields": {
            "start_station_id": "MPKBP",
            "end_station_id": "MPKKB"
        }
    },
    {
        "model": "api.train",
        "pk": "158",
        "fields": {
            "start_station_id": "MPKBR",
            "end_station_id": "MPKKB"
        }
    },
    {
        "model": "api.train",
        "pk": "159",
        "fields": {
            "start_station_id": "MPKBN",
            "end_station_id": "MPKKB"
        }
    },
    {
        "model": "api.train",
        "pk": "160",
        "fields": {
            "start_station_id": "MPKSM",
            "end_station_id": "MPKKB"
        }
    },
    {
        "model": "api.train",
        "pk": "161",
        "fields": {
            "start_station_id": "MPKPN",
            "end_station_id": "MPKKB"
        }
    },
    {
        "model": "api.train",
        "pk": "162",
        "fields": {
            "start_station_id": "MPKYN",
            "end_station_id": "MPKKB"
        }
    },
    {
        "model": "api.train",
        "pk": "163",
        "fields": {
            "start_station_id": "MPKBK",
            "end_station_id": "MPKKB"
        }
    },
    {
        "model": "api.train",
        "pk": "164",
        "fields": {
            "start_station_id": "MPKNC",
            "end_station_id": "MPKKB"
        }
    },
    {
        "model": "api.train",
        "pk": "165",
        "fields": {
            "start_station_id": "MPKMP",
            "end_station_id": "MPKKB"
        }
    },
    {
        "model": "api.train",
        "pk": "166",
        "fields": {
            "start_station_id": "MPKYT",
            "end_station_id": "MPKKB"
        }
    },
    {
        "model": "api.train",
        "pk": "167",
        "fields": {
            "start_station_id": "MPKWS",
            "end_station_id": "MPKKB"
        }
    },
    {
        "model": "api.train",
        "pk": "168",
        "fields": {
            "start_station_id": "MPKBS",
            "end_station_id": "MPKKB"
        }
    },
    {
        "model": "api.train",
        "pk": "169",
        "fields": {
            "start_station_id": "MPKTP",
            "end_station_id": "MPKKB"
        }
    }
]